Sl.No,Name,Website ,Area Of Work,Headquarters,Key Initiatives
1,Pratham Education Foundation,https://www.pratham.org/,Education/ Foundational Literacy,Mumbai & New Delhi,Teaching at the Right Level (TaRL)/ Annual Status of Education Report (ASER)/ Hamara Gaon Program/  Second Chance Program (Girls' re-entry to education).
2,Smile Foundation,https://www.smilefoundationindia.org/,Healthcare/ Education,New Delhi,Mission Education/ Smile on Wheels (Mobile Healthcare Units)/ Swabhiman (Women Empowerment)/ Tayyari Kal Ki (Youth Livelihood).
3,Self Employed Women's Association (SEWA),https://sewabharat.org/,Women Empowerment & Labor Rights,"Ahmedabad, Gujarat",Micro-finance Cooperatives / Informal Sector Worker Organizing/ RUAAB SEWA (Artisan Livelihoods)/ Skill Development & Social Security.
4,CARE India,https://www.careindia.org/,Women Empowerment & Healthcare,New Delhi,Maternal & Child Health Programs/ Girls' Education Initiatives/ Sustainable Livelihoods & Micro-enterprises/ Disaster & Climate Response.
5,HelpAge India,https://www.helpageindia.org/,Healthcare & Senior Care,New Delhi,Mobile Medical Units (MMUs)/ Free Cataract Surgeries/ National Elder Helpline (14567)/ Elder Rights Advocacy & Pensions.
6,Goonj,https://goonj.org/,Rural Development & Material Circularity,New Delhi,Cloth for Work (Community Infrastructure)/ Not Just a Piece of Cloth (Menstrual Hygiene)/ Rahat (Disaster Relief Rehabilitation)/ Urban Surplus Recycling.
7,People For Animals (PFA),https://www.peopleforanimalsindia.org/,Animal Welfare & Rescue,New Delhi,Nationwide Network of 26 Animal Hospitals/ 24/7 Mobile Rescue Ambulances/ Animal Birth Control (ABC) Programs/ Anti-Cruelty Law Enforcement.
8,PETA India,https://www.petaindia.com/,Animal Rights & Protection,Mumbai& Maharashtra,Undercover Abuse Investigations/ Vegan & Cruelty-Free Campaigns/ Emergency Rescue & Rehabilitation/ Legislative Policy Advocacy.
9,WWF India (World Wide Fund for Nature),https://www.wwfindia.org/,Environment Conservation,New Delhi,Tiger & Elephant Conservation Corridors/ Wetlands & Freshwater Restoration/ Climate Change & Renewable Energy/ Ek Prithvi (Environmental Education)
10,Centre for Science and Environment (CSE),https://www.cseindia.org/,Environment Policy & Research,New Delhi,Down To Earth Publication/ Clean Air & Urban Mobility Research/ Rainwater Harvesting Models/ Green Rating & Food Safety Advocacy
